<?xml version="1.0" encoding="UTF-8"?>
<GenRun Id="impl_1" LaunchPart="xc7a35tcpg236-3" LaunchTime="1732467859">
  <File Type="ROUTE-PWR" Name="Sequence_Detector_power_routed.rpt"/>
  <File Type="PA-TCL" Name="Sequence_Detector.tcl"/>
  <File Type="ROUTE-PWR-SUM" Name="Sequence_Detector_power_summary_routed.pb"/>
  <File Type="REPORTS-TCL" Name="Sequence_Detector_reports.tcl"/>
  <File Type="BITSTR-MSK" Name="Sequence_Detector.msk"/>
  <File Type="ROUTE-CLK" Name="Sequence_Detector_clock_utilization_routed.rpt"/>
  <File Type="RDI-RDI" Name="Sequence_Detector.vdi"/>
  <File Type="POSTROUTE-PHYSOPT-BUS-SKEW-PB" Name="Sequence_Detector_bus_skew_postroute_physopted.pb"/>
  <File Type="BG-BIT" Name="Sequence_Detector.bit"/>
  <File Type="BG-DRC" Name="Sequence_Detector.drc"/>
  <File Type="BG-BGN" Name="Sequence_Detector.bgn"/>
  <File Type="BG-BIN" Name="Sequence_Detector.bin"/>
  <File Type="BITSTR-RBT" Name="Sequence_Detector.rbt"/>
  <File Type="BITSTR-NKY" Name="Sequence_Detector.nky"/>
  <File Type="BITSTR-BMM" Name="Sequence_Detector_bd.bmm"/>
  <File Type="BITSTR-MMI" Name="Sequence_Detector.mmi"/>
  <File Type="ROUTE-METHODOLOGY-DRC" Name="Sequence_Detector_methodology_drc_routed.rpt"/>
  <File Type="BITSTR-SYSDEF" Name="Sequence_Detector.sysdef"/>
  <File Type="ROUTE-METHODOLOGY-DRC-PB" Name="Sequence_Detector_methodology_drc_routed.pb"/>
  <File Type="BITSTR-LTX" Name="debug_nets.ltx"/>
  <File Type="BITSTR-LTX" Name="Sequence_Detector.ltx"/>
  <File Type="BOOT-PDI-FILE" Name="Sequence_Detector_boot.pdi"/>
  <File Type="WBT-USG" Name="usage_statistics_webtalk.html"/>
  <File Type="NPI_FILE" Name="Sequence_Detector.npi"/>
  <File Type="OPT-DRC" Name="Sequence_Detector_drc_opted.rpt"/>
  <File Type="RBD_FILE" Name="Sequence_Detector.rbd"/>
  <File Type="OPT-HWDEF" Name="Sequence_Detector.hwdef"/>
  <File Type="PLACE-IO" Name="Sequence_Detector_io_placed.rpt"/>
  <File Type="PLACE-UTIL" Name="Sequence_Detector_utilization_placed.rpt"/>
  <File Type="PLACE-UTIL-PB" Name="Sequence_Detector_utilization_placed.pb"/>
  <File Type="PLACE-CTRL" Name="Sequence_Detector_control_sets_placed.rpt"/>
  <File Type="PLACE-PRE-SIMILARITY" Name="Sequence_Detector_incremental_reuse_pre_placed.rpt"/>
  <File Type="ROUTE-DRC" Name="Sequence_Detector_drc_routed.rpt"/>
  <File Type="ROUTE-DRC-PB" Name="Sequence_Detector_drc_routed.pb"/>
  <File Type="ROUTE-PWR-RPX" Name="Sequence_Detector_power_routed.rpx"/>
  <File Type="ROUTE-STATUS" Name="Sequence_Detector_route_status.rpt"/>
  <File Type="ROUTE-STATUS-PB" Name="Sequence_Detector_route_status.pb"/>
  <File Type="ROUTE-DCP" Name="Sequence_Detector_routed.dcp"/>
  <File Type="ROUTE-ERROR-DCP" Name="Sequence_Detector_routed_error.dcp"/>
  <File Type="ROUTE-BLACKBOX-DCP" Name="Sequence_Detector_routed_bb.dcp"/>
  <File Type="ROUTE-TIMINGSUMMARY" Name="Sequence_Detector_timing_summary_routed.rpt"/>
  <File Type="ROUTE-TIMING-PB" Name="Sequence_Detector_timing_summary_routed.pb"/>
  <File Type="ROUTE-TIMING-RPX" Name="Sequence_Detector_timing_summary_routed.rpx"/>
  <File Type="ROUTE-SIMILARITY" Name="Sequence_Detector_incremental_reuse_routed.rpt"/>
  <File Type="ROUTE-BUS-SKEW" Name="Sequence_Detector_bus_skew_routed.rpt"/>
  <File Type="ROUTE-BUS-SKEW-PB" Name="Sequence_Detector_bus_skew_routed.pb"/>
  <File Type="ROUTE-BUS-SKEW-RPX" Name="Sequence_Detector_bus_skew_routed.rpx"/>
  <File Type="OPT-DCP" Name="Sequence_Detector_opt.dcp"/>
  <File Type="PLACE-DCP" Name="Sequence_Detector_placed.dcp"/>
  <File Type="PWROPT-DCP" Name="Sequence_Detector_pwropt.dcp"/>
  <File Type="POSTPLACE-PWROPT-DCP" Name="Sequence_Detector_postplace_pwropt.dcp"/>
  <File Type="PHYSOPT-DCP" Name="Sequence_Detector_physopt.dcp"/>
  <File Type="POSTROUTE-PHYSOPT-DCP" Name="Sequence_Detector_postroute_physopt.dcp"/>
  <File Type="POSTROUTE-PHYSOPT-BLACKBOX-DCP" Name="Sequence_Detector_postroute_physopt_bb.dcp"/>
  <File Type="POSTROUTE-PHYSOPT-TIMING" Name="Sequence_Detector_timing_summary_postroute_physopted.rpt"/>
  <File Type="POSTROUTE-PHYSOPT-TIMING-PB" Name="Sequence_Detector_timing_summary_postroute_physopted.pb"/>
  <File Type="POSTROUTE-PHYSOPT-TIMING-RPX" Name="Sequence_Detector_timing_summary_postroute_physopted.rpx"/>
  <File Type="POSTROUTE-PHYSOPT-BUS-SKEW" Name="Sequence_Detector_bus_skew_postroute_physopted.rpt"/>
  <File Type="POSTROUTE-PHYSOPT-BUS-SKEW-RPX" Name="Sequence_Detector_bus_skew_postroute_physopted.rpx"/>
  <File Type="ROUTE-DRC-RPX" Name="Sequence_Detector_drc_routed.rpx"/>
  <File Type="ROUTE-METHODOLOGY-DRC-RPX" Name="Sequence_Detector_methodology_drc_routed.rpx"/>
  <File Type="PDI-FILE" Name="Sequence_Detector.pdi"/>
  <File Type="PL-PDI-FILE" Name="Sequence_Detector_pld.pdi"/>
  <File Type="RCFI_FILE" Name="Sequence_Detector.rcfi"/>
  <File Type="CFI_FILE" Name="Sequence_Detector.cfi"/>
  <File Type="RNPI_FILE" Name="Sequence_Detector.rnpi"/>
  <File Type="ROUTE-RQS" Name="Sequence_Detector_routed.rqs"/>
  <File Type="POSTROUTE-PHYSOPT-RQS" Name="Sequence_Detector_postroute_physopted.rqs"/>
  <File Type="ROUTE-RQS-RPT" Name="route_report_qor_suggestions_0.rpt"/>
  <File Type="POSTROUTE-PHYSOPT-RQS-RPT" Name="postroute_physopt_report_qor_suggestions_0.rpt"/>
  <FileSet Name="sources" Type="DesignSrcs" RelSrcDir="$PSRCDIR/sources_1" RelGenDir="$PGENDIR/sources_1">
    <Filter Type="Srcs"/>
    <File Path="$PSRCDIR/sources_1/new/CLK_DIV_342.vhd">
      <FileInfo>
        <Attr Name="UsedIn" Val="synthesis"/>
        <Attr Name="UsedIn" Val="simulation"/>
      </FileInfo>
    </File>
    <File Path="$PSRCDIR/sources_1/new/Mux15to1.vhd">
      <FileInfo>
        <Attr Name="UsedIn" Val="synthesis"/>
        <Attr Name="UsedIn" Val="simulation"/>
      </FileInfo>
    </File>
    <File Path="$PSRCDIR/sources_1/new/full_sequence_detector_342.vhd">
      <FileInfo>
        <Attr Name="UsedIn" Val="synthesis"/>
        <Attr Name="UsedIn" Val="simulation"/>
      </FileInfo>
    </File>
    <File Path="$PSRCDIR/sources_1/new/DEMUX1to14.vhd">
      <FileInfo>
        <Attr Name="AutoDisabled" Val="1"/>
        <Attr Name="UsedIn" Val="synthesis"/>
        <Attr Name="UsedIn" Val="simulation"/>
      </FileInfo>
    </File>
    <Config>
      <Option Name="DesignMode" Val="RTL"/>
      <Option Name="TopModule" Val="Sequence_Detector"/>
      <Option Name="TopAutoSet" Val="TRUE"/>
    </Config>
  </FileSet>
  <FileSet Name="constrs_in" Type="Constrs" RelSrcDir="$PSRCDIR/constrs_1" RelGenDir="$PGENDIR/constrs_1">
    <Filter Type="Constrs"/>
    <File Path="$PSRCDIR/constrs_1/new/full_sequence_detector_342.xdc">
      <FileInfo>
        <Attr Name="UsedIn" Val="synthesis"/>
        <Attr Name="UsedIn" Val="implementation"/>
      </FileInfo>
    </File>
    <Config>
      <Option Name="ConstrsType" Val="XDC"/>
    </Config>
  </FileSet>
  <FileSet Name="utils" Type="Utils" RelSrcDir="$PSRCDIR/utils_1" RelGenDir="$PGENDIR/utils_1">
    <Filter Type="Utils"/>
    <File Path="$PSRCDIR/utils_1/imports/synth_1/Sequence_Detector.dcp">
      <FileInfo>
        <Attr Name="UsedIn" Val="synthesis"/>
        <Attr Name="UsedIn" Val="implementation"/>
        <Attr Name="UsedInSteps" Val="synth_1"/>
        <Attr Name="AutoDcp" Val="1"/>
      </FileInfo>
    </File>
    <Config>
      <Option Name="TopAutoSet" Val="TRUE"/>
    </Config>
  </FileSet>
  <Strategy Version="1" Minor="2">
    <StratHandle Name="Vivado Implementation Defaults" Flow="Vivado Implementation 2024"/>
    <Step Id="init_design"/>
    <Step Id="opt_design"/>
    <Step Id="power_opt_design"/>
    <Step Id="place_design"/>
    <Step Id="post_place_power_opt_design"/>
    <Step Id="phys_opt_design"/>
    <Step Id="route_design"/>
    <Step Id="post_route_phys_opt_design"/>
    <Step Id="write_bitstream"/>
    <Step Id="write_device_image"/>
  </Strategy>
</GenRun>
