<?xml version="1.0" encoding="UTF-8"?>
<GenRun Id="impl_1" LaunchPart="xc7a35tcpg236-3" LaunchTime="1728661518">
  <File Type="ROUTE-PWR" Name="four_bit_adder_sub_342_power_routed.rpt"/>
  <File Type="PA-TCL" Name="four_bit_adder_sub_342.tcl"/>
  <File Type="ROUTE-PWR-SUM" Name="four_bit_adder_sub_342_power_summary_routed.pb"/>
  <File Type="REPORTS-TCL" Name="four_bit_adder_sub_342_reports.tcl"/>
  <File Type="OPT-RQA-PB" Name="four_bit_adder_sub_342_rqa_opted.pb"/>
  <File Type="BITSTR-MMI" Name="four_bit_adder_sub_342.mmi"/>
  <File Type="OPT-METHODOLOGY-DRC" Name="four_bit_adder_sub_342_methodology_drc_opted.rpt"/>
  <File Type="INIT-TIMING" Name="four_bit_adder_sub_342_timing_summary_init.rpt"/>
  <File Type="OPT-TIMING" Name="four_bit_adder_sub_342_timing_summary_opted.rpt"/>
  <File Type="OPT-DCP" Name="four_bit_adder_sub_342_opt.dcp"/>
  <File Type="OPT-DRC" Name="four_bit_adder_sub_342_drc_opted.rpt"/>
  <File Type="OPT-HWDEF" Name="four_bit_adder_sub_342.hwdef"/>
  <File Type="PWROPT-DCP" Name="four_bit_adder_sub_342_pwropt.dcp"/>
  <File Type="PWROPT-DRC" Name="four_bit_adder_sub_342_drc_pwropted.rpt"/>
  <File Type="PWROPT-TIMING" Name="four_bit_adder_sub_342_timing_summary_pwropted.rpt"/>
  <File Type="PLACE-DCP" Name="four_bit_adder_sub_342_placed.dcp"/>
  <File Type="PLACE-IO" Name="four_bit_adder_sub_342_io_placed.rpt"/>
  <File Type="PLACE-CLK" Name="four_bit_adder_sub_342_clock_utilization_placed.rpt"/>
  <File Type="PLACE-UTIL" Name="four_bit_adder_sub_342_utilization_placed.rpt"/>
  <File Type="PLACE-UTIL-PB" Name="four_bit_adder_sub_342_utilization_placed.pb"/>
  <File Type="PLACE-CTRL" Name="four_bit_adder_sub_342_control_sets_placed.rpt"/>
  <File Type="PLACE-SIMILARITY" Name="four_bit_adder_sub_342_incremental_reuse_placed.rpt"/>
  <File Type="PLACE-PRE-SIMILARITY" Name="four_bit_adder_sub_342_incremental_reuse_pre_placed.rpt"/>
  <File Type="BG-BIN" Name="four_bit_adder_sub_342.bin"/>
  <File Type="PLACE-TIMING" Name="four_bit_adder_sub_342_timing_summary_placed.rpt"/>
  <File Type="ROUTE-PWR-RPX" Name="four_bit_adder_sub_342_power_routed.rpx"/>
  <File Type="PLACE-RQA-PB" Name="four_bit_adder_sub_342_rqa_placed.pb"/>
  <File Type="POSTPLACE-PWROPT-DCP" Name="four_bit_adder_sub_342_postplace_pwropt.dcp"/>
  <File Type="BITSTR-MSK" Name="four_bit_adder_sub_342.msk"/>
  <File Type="POSTPLACE-PWROPT-TIMING" Name="four_bit_adder_sub_342_timing_summary_postplace_pwropted.rpt"/>
  <File Type="PHYSOPT-DCP" Name="four_bit_adder_sub_342_physopt.dcp"/>
  <File Type="PHYSOPT-DRC" Name="four_bit_adder_sub_342_drc_physopted.rpt"/>
  <File Type="BITSTR-RBT" Name="four_bit_adder_sub_342.rbt"/>
  <File Type="PHYSOPT-TIMING" Name="four_bit_adder_sub_342_timing_summary_physopted.rpt"/>
  <File Type="ROUTE-ERROR-DCP" Name="four_bit_adder_sub_342_routed_error.dcp"/>
  <File Type="ROUTE-DCP" Name="four_bit_adder_sub_342_routed.dcp"/>
  <File Type="ROUTE-BLACKBOX-DCP" Name="four_bit_adder_sub_342_routed_bb.dcp"/>
  <File Type="ROUTE-DRC" Name="four_bit_adder_sub_342_drc_routed.rpt"/>
  <File Type="ROUTE-DRC-PB" Name="four_bit_adder_sub_342_drc_routed.pb"/>
  <File Type="ROUTE-DRC-RPX" Name="four_bit_adder_sub_342_drc_routed.rpx"/>
  <File Type="ROUTE-METHODOLOGY-DRC" Name="four_bit_adder_sub_342_methodology_drc_routed.rpt"/>
  <File Type="ROUTE-METHODOLOGY-DRC-RPX" Name="four_bit_adder_sub_342_methodology_drc_routed.rpx"/>
  <File Type="ROUTE-METHODOLOGY-DRC-PB" Name="four_bit_adder_sub_342_methodology_drc_routed.pb"/>
  <File Type="ROUTE-RQS-PB" Name="four_bit_adder_sub_342_rqs_routed.pb"/>
  <File Type="ROUTE-STATUS" Name="four_bit_adder_sub_342_route_status.rpt"/>
  <File Type="ROUTE-STATUS-PB" Name="four_bit_adder_sub_342_route_status.pb"/>
  <File Type="ROUTE-TIMINGSUMMARY" Name="four_bit_adder_sub_342_timing_summary_routed.rpt"/>
  <File Type="ROUTE-TIMING-PB" Name="four_bit_adder_sub_342_timing_summary_routed.pb"/>
  <File Type="ROUTE-TIMING-RPX" Name="four_bit_adder_sub_342_timing_summary_routed.rpx"/>
  <File Type="ROUTE-SIMILARITY" Name="four_bit_adder_sub_342_incremental_reuse_routed.rpt"/>
  <File Type="ROUTE-CLK" Name="four_bit_adder_sub_342_clock_utilization_routed.rpt"/>
  <File Type="ROUTE-BUS-SKEW" Name="four_bit_adder_sub_342_bus_skew_routed.rpt"/>
  <File Type="ROUTE-BUS-SKEW-PB" Name="four_bit_adder_sub_342_bus_skew_routed.pb"/>
  <File Type="ROUTE-BUS-SKEW-RPX" Name="four_bit_adder_sub_342_bus_skew_routed.rpx"/>
  <File Type="POSTROUTE-PHYSOPT-DCP" Name="four_bit_adder_sub_342_postroute_physopt.dcp"/>
  <File Type="POSTROUTE-PHYSOPT-BLACKBOX-DCP" Name="four_bit_adder_sub_342_postroute_physopt_bb.dcp"/>
  <File Type="POSTROUTE-PHYSOPT-TIMING" Name="four_bit_adder_sub_342_timing_summary_postroute_physopted.rpt"/>
  <File Type="POSTROUTE-PHYSOPT-TIMING-PB" Name="four_bit_adder_sub_342_timing_summary_postroute_physopted.pb"/>
  <File Type="POSTROUTE-PHYSOPT-TIMING-RPX" Name="four_bit_adder_sub_342_timing_summary_postroute_physopted.rpx"/>
  <File Type="POSTROUTE-PHYSOPT-BUS-SKEW" Name="four_bit_adder_sub_342_bus_skew_postroute_physopted.rpt"/>
  <File Type="BG-BIT" Name="four_bit_adder_sub_342.bit"/>
  <File Type="POSTROUTE-PHYSOPT-BUS-SKEW-PB" Name="four_bit_adder_sub_342_bus_skew_postroute_physopted.pb"/>
  <File Type="POSTROUTE-PHYSOPT-BUS-SKEW-RPX" Name="four_bit_adder_sub_342_bus_skew_postroute_physopted.rpx"/>
  <File Type="BITSTR-NKY" Name="four_bit_adder_sub_342.nky"/>
  <File Type="BITSTR-BMM" Name="four_bit_adder_sub_342_bd.bmm"/>
  <File Type="PDI-FILE" Name="four_bit_adder_sub_342.pdi"/>
  <File Type="BOOT-PDI-FILE" Name="four_bit_adder_sub_342_boot.pdi"/>
  <File Type="PL-PDI-FILE" Name="four_bit_adder_sub_342_pld.pdi"/>
  <File Type="RCFI_FILE" Name="four_bit_adder_sub_342.rcfi"/>
  <File Type="CFI_FILE" Name="four_bit_adder_sub_342.cfi"/>
  <File Type="RNPI_FILE" Name="four_bit_adder_sub_342.rnpi"/>
  <File Type="NPI_FILE" Name="four_bit_adder_sub_342.npi"/>
  <File Type="RBD_FILE" Name="four_bit_adder_sub_342.rbd"/>
  <File Type="BITSTR-LTX" Name="debug_nets.ltx"/>
  <File Type="BITSTR-LTX" Name="four_bit_adder_sub_342.ltx"/>
  <File Type="BITSTR-SYSDEF" Name="four_bit_adder_sub_342.sysdef"/>
  <File Type="BG-BGN" Name="four_bit_adder_sub_342.bgn"/>
  <File Type="BG-DRC" Name="four_bit_adder_sub_342.drc"/>
  <File Type="RDI-RDI" Name="four_bit_adder_sub_342.vdi"/>
  <File Type="WBT-USG" Name="usage_statistics_webtalk.html"/>
  <File Type="ROUTE-RQS" Name="four_bit_adder_sub_342_routed.rqs"/>
  <File Type="POSTROUTE-PHYSOPT-RQS" Name="four_bit_adder_sub_342_postroute_physopted.rqs"/>
  <File Type="ROUTE-RQS-RPT" Name="route_report_qor_suggestions_0.rpt"/>
  <File Type="POSTROUTE-PHYSOPT-RQS-RPT" Name="postroute_physopt_report_qor_suggestions_0.rpt"/>
  <FileSet Name="sources" Type="DesignSrcs" RelSrcDir="$PSRCDIR/sources_1" RelGenDir="$PGENDIR/sources_1">
    <Filter Type="Srcs"/>
    <File Path="$PPRDIR/../../Lab3_342/Lab3_342.srcs/sources_1/new/four_bit_adder_342.vhd">
      <FileInfo>
        <Attr Name="UsedIn" Val="synthesis"/>
        <Attr Name="UsedIn" Val="simulation"/>
      </FileInfo>
    </File>
    <File Path="$PPRDIR/../../Lab2B_342/Lab2B_342.srcs/sources_1/new/full_adder_342.vhd">
      <FileInfo>
        <Attr Name="UsedIn" Val="synthesis"/>
        <Attr Name="UsedIn" Val="simulation"/>
      </FileInfo>
    </File>
    <File Path="$PPRDIR/../../Lab2A_342/Lab2A_342.srcs/sources_1/new/xor_array_342.vhd">
      <FileInfo>
        <Attr Name="UsedIn" Val="synthesis"/>
        <Attr Name="UsedIn" Val="simulation"/>
      </FileInfo>
    </File>
    <File Path="$PSRCDIR/sources_1/new/four_bit_adder_sub_342.vhd">
      <FileInfo>
        <Attr Name="UsedIn" Val="synthesis"/>
        <Attr Name="UsedIn" Val="simulation"/>
      </FileInfo>
    </File>
    <Config>
      <Option Name="DesignMode" Val="RTL"/>
      <Option Name="TopModule" Val="four_bit_adder_sub_342"/>
      <Option Name="TopAutoSet" Val="TRUE"/>
    </Config>
  </FileSet>
  <FileSet Name="constrs_in" Type="Constrs" RelSrcDir="$PSRCDIR/constrs_1" RelGenDir="$PGENDIR/constrs_1">
    <Filter Type="Constrs"/>
    <File Path="$PSRCDIR/constrs_1/new/four_bit_adder_sub_342.xdc">
      <FileInfo>
        <Attr Name="UsedIn" Val="synthesis"/>
        <Attr Name="UsedIn" Val="implementation"/>
      </FileInfo>
    </File>
    <Config>
      <Option Name="ConstrsType" Val="XDC"/>
    </Config>
  </FileSet>
  <FileSet Name="utils" Type="Utils" RelSrcDir="$PSRCDIR/utils_1" RelGenDir="$PGENDIR/utils_1">
    <Filter Type="Utils"/>
    <Config>
      <Option Name="TopAutoSet" Val="TRUE"/>
    </Config>
  </FileSet>
  <Strategy Version="1" Minor="2">
    <StratHandle Name="Vivado Implementation Defaults" Flow="Vivado Implementation 2024"/>
    <Step Id="init_design"/>
    <Step Id="opt_design"/>
    <Step Id="power_opt_design"/>
    <Step Id="place_design"/>
    <Step Id="post_place_power_opt_design"/>
    <Step Id="phys_opt_design"/>
    <Step Id="route_design"/>
    <Step Id="post_route_phys_opt_design"/>
    <Step Id="write_bitstream"/>
  </Strategy>
</GenRun>
